"d","k0","k1","seed","weight_shared","balanced","sigma2_Mu","model","b","mu_Mu","alpha_Lambda","beta_Lambda","nlabel"
50,1,5,1,0.5,"balanced",1,"SPM",0.00833333333333333,0,2,4,5
50,1,5,1,0.5,"balanced",1,"BPM",0.00833333333333333,0,2,4,5
50,1,5,1,0.5,"balanced",10,"SPM",0.00833333333333333,0,2,4,5
50,1,5,1,0.5,"balanced",10,"BPM",0.00833333333333333,0,2,4,5
50,1,5,1,0.5,"balanced",50,"SPM",0.00833333333333333,0,2,4,5
50,1,5,1,0.5,"balanced",50,"BPM",0.00833333333333333,0,2,4,5
50,1,5,1,0.5,"unbalanced",1,"SPM",0.00833333333333333,0,2,4,5
50,1,5,1,0.5,"unbalanced",1,"BPM",0.00833333333333333,0,2,4,5
50,1,5,1,0.5,"unbalanced",10,"SPM",0.00833333333333333,0,2,4,5
50,1,5,1,0.5,"unbalanced",10,"BPM",0.00833333333333333,0,2,4,5
50,1,5,1,0.5,"unbalanced",50,"SPM",0.00833333333333333,0,2,4,5
50,1,5,1,0.5,"unbalanced",50,"BPM",0.00833333333333333,0,2,4,5
50,1,5,1,0.2,"balanced",1,"SPM",0.00833333333333333,0,2,4,5
50,1,5,1,0.2,"balanced",1,"BPM",0.00833333333333333,0,2,4,5
50,1,5,1,0.2,"balanced",10,"SPM",0.00833333333333333,0,2,4,5
50,1,5,1,0.2,"balanced",10,"BPM",0.00833333333333333,0,2,4,5
50,1,5,1,0.2,"balanced",50,"SPM",0.00833333333333333,0,2,4,5
50,1,5,1,0.2,"balanced",50,"BPM",0.00833333333333333,0,2,4,5
50,1,5,1,0.2,"unbalanced",1,"SPM",0.00833333333333333,0,2,4,5
50,1,5,1,0.2,"unbalanced",1,"BPM",0.00833333333333333,0,2,4,5
50,1,5,1,0.2,"unbalanced",10,"SPM",0.00833333333333333,0,2,4,5
50,1,5,1,0.2,"unbalanced",10,"BPM",0.00833333333333333,0,2,4,5
50,1,5,1,0.2,"unbalanced",50,"SPM",0.00833333333333333,0,2,4,5
50,1,5,1,0.2,"unbalanced",50,"BPM",0.00833333333333333,0,2,4,5
50,2,0,2,0.5,"balanced",1,"SPM",0.025,0,2,4,5
50,2,0,2,0.5,"balanced",1,"BPM",0.025,0,2,4,5
50,2,0,2,0.5,"balanced",10,"SPM",0.025,0,2,4,5
50,2,0,2,0.5,"balanced",10,"BPM",0.025,0,2,4,5
50,2,0,2,0.5,"balanced",50,"SPM",0.025,0,2,4,5
50,2,0,2,0.5,"balanced",50,"BPM",0.025,0,2,4,5
50,2,0,2,0.5,"unbalanced",1,"SPM",0.025,0,2,4,5
50,2,0,2,0.5,"unbalanced",1,"BPM",0.025,0,2,4,5
50,2,0,2,0.5,"unbalanced",10,"SPM",0.025,0,2,4,5
50,2,0,2,0.5,"unbalanced",10,"BPM",0.025,0,2,4,5
50,2,0,2,0.5,"unbalanced",50,"SPM",0.025,0,2,4,5
50,2,0,2,0.5,"unbalanced",50,"BPM",0.025,0,2,4,5
50,2,0,2,0.2,"balanced",1,"SPM",0.025,0,2,4,5
50,2,0,2,0.2,"balanced",1,"BPM",0.025,0,2,4,5
50,2,0,2,0.2,"balanced",10,"SPM",0.025,0,2,4,5
50,2,0,2,0.2,"balanced",10,"BPM",0.025,0,2,4,5
50,2,0,2,0.2,"balanced",50,"SPM",0.025,0,2,4,5
50,2,0,2,0.2,"balanced",50,"BPM",0.025,0,2,4,5
50,2,0,2,0.2,"unbalanced",1,"SPM",0.025,0,2,4,5
50,2,0,2,0.2,"unbalanced",1,"BPM",0.025,0,2,4,5
50,2,0,2,0.2,"unbalanced",10,"SPM",0.025,0,2,4,5
50,2,0,2,0.2,"unbalanced",10,"BPM",0.025,0,2,4,5
50,2,0,2,0.2,"unbalanced",50,"SPM",0.025,0,2,4,5
50,2,0,2,0.2,"unbalanced",50,"BPM",0.025,0,2,4,5
200,1,35,3,0.5,"balanced",1,"SPM",0.00138888888888889,0,2,4,5
200,1,35,3,0.5,"balanced",1,"BPM",0.00138888888888889,0,2,4,5
200,1,35,3,0.5,"balanced",10,"SPM",0.00138888888888889,0,2,4,5
200,1,35,3,0.5,"balanced",10,"BPM",0.00138888888888889,0,2,4,5
200,1,35,3,0.5,"balanced",50,"SPM",0.00138888888888889,0,2,4,5
200,1,35,3,0.5,"balanced",50,"BPM",0.00138888888888889,0,2,4,5
200,1,35,3,0.5,"unbalanced",1,"SPM",0.00138888888888889,0,2,4,5
200,1,35,3,0.5,"unbalanced",1,"BPM",0.00138888888888889,0,2,4,5
200,1,35,3,0.5,"unbalanced",10,"SPM",0.00138888888888889,0,2,4,5
200,1,35,3,0.5,"unbalanced",10,"BPM",0.00138888888888889,0,2,4,5
200,1,35,3,0.5,"unbalanced",50,"SPM",0.00138888888888889,0,2,4,5
200,1,35,3,0.5,"unbalanced",50,"BPM",0.00138888888888889,0,2,4,5
200,1,35,3,0.2,"balanced",1,"SPM",0.00138888888888889,0,2,4,5
200,1,35,3,0.2,"balanced",1,"BPM",0.00138888888888889,0,2,4,5
200,1,35,3,0.2,"balanced",10,"SPM",0.00138888888888889,0,2,4,5
200,1,35,3,0.2,"balanced",10,"BPM",0.00138888888888889,0,2,4,5
200,1,35,3,0.2,"balanced",50,"SPM",0.00138888888888889,0,2,4,5
200,1,35,3,0.2,"balanced",50,"BPM",0.00138888888888889,0,2,4,5
200,1,35,3,0.2,"unbalanced",1,"SPM",0.00138888888888889,0,2,4,5
200,1,35,3,0.2,"unbalanced",1,"BPM",0.00138888888888889,0,2,4,5
200,1,35,3,0.2,"unbalanced",10,"SPM",0.00138888888888889,0,2,4,5
200,1,35,3,0.2,"unbalanced",10,"BPM",0.00138888888888889,0,2,4,5
200,1,35,3,0.2,"unbalanced",50,"SPM",0.00138888888888889,0,2,4,5
200,1,35,3,0.2,"unbalanced",50,"BPM",0.00138888888888889,0,2,4,5
200,2,30,4,0.5,"balanced",1,"SPM",0.0015625,0,2,4,5
200,2,30,4,0.5,"balanced",1,"BPM",0.0015625,0,2,4,5
200,2,30,4,0.5,"balanced",10,"SPM",0.0015625,0,2,4,5
200,2,30,4,0.5,"balanced",10,"BPM",0.0015625,0,2,4,5
200,2,30,4,0.5,"balanced",50,"SPM",0.0015625,0,2,4,5
200,2,30,4,0.5,"balanced",50,"BPM",0.0015625,0,2,4,5
200,2,30,4,0.5,"unbalanced",1,"SPM",0.0015625,0,2,4,5
200,2,30,4,0.5,"unbalanced",1,"BPM",0.0015625,0,2,4,5
200,2,30,4,0.5,"unbalanced",10,"SPM",0.0015625,0,2,4,5
200,2,30,4,0.5,"unbalanced",10,"BPM",0.0015625,0,2,4,5
200,2,30,4,0.5,"unbalanced",50,"SPM",0.0015625,0,2,4,5
200,2,30,4,0.5,"unbalanced",50,"BPM",0.0015625,0,2,4,5
200,2,30,4,0.2,"balanced",1,"SPM",0.0015625,0,2,4,5
200,2,30,4,0.2,"balanced",1,"BPM",0.0015625,0,2,4,5
200,2,30,4,0.2,"balanced",10,"SPM",0.0015625,0,2,4,5
200,2,30,4,0.2,"balanced",10,"BPM",0.0015625,0,2,4,5
200,2,30,4,0.2,"balanced",50,"SPM",0.0015625,0,2,4,5
200,2,30,4,0.2,"balanced",50,"BPM",0.0015625,0,2,4,5
200,2,30,4,0.2,"unbalanced",1,"SPM",0.0015625,0,2,4,5
200,2,30,4,0.2,"unbalanced",1,"BPM",0.0015625,0,2,4,5
200,2,30,4,0.2,"unbalanced",10,"SPM",0.0015625,0,2,4,5
200,2,30,4,0.2,"unbalanced",10,"BPM",0.0015625,0,2,4,5
200,2,30,4,0.2,"unbalanced",50,"SPM",0.0015625,0,2,4,5
200,2,30,4,0.2,"unbalanced",50,"BPM",0.0015625,0,2,4,5
200,3,25,5,0.5,"balanced",1,"SPM",0.00178571428571429,0,2,4,5
200,3,25,5,0.5,"balanced",1,"BPM",0.00178571428571429,0,2,4,5
200,3,25,5,0.5,"balanced",10,"SPM",0.00178571428571429,0,2,4,5
200,3,25,5,0.5,"balanced",10,"BPM",0.00178571428571429,0,2,4,5
200,3,25,5,0.5,"balanced",50,"SPM",0.00178571428571429,0,2,4,5
200,3,25,5,0.5,"balanced",50,"BPM",0.00178571428571429,0,2,4,5
200,3,25,5,0.5,"unbalanced",1,"SPM",0.00178571428571429,0,2,4,5
200,3,25,5,0.5,"unbalanced",1,"BPM",0.00178571428571429,0,2,4,5
200,3,25,5,0.5,"unbalanced",10,"SPM",0.00178571428571429,0,2,4,5
200,3,25,5,0.5,"unbalanced",10,"BPM",0.00178571428571429,0,2,4,5
200,3,25,5,0.5,"unbalanced",50,"SPM",0.00178571428571429,0,2,4,5
200,3,25,5,0.5,"unbalanced",50,"BPM",0.00178571428571429,0,2,4,5
200,3,25,5,0.2,"balanced",1,"SPM",0.00178571428571429,0,2,4,5
200,3,25,5,0.2,"balanced",1,"BPM",0.00178571428571429,0,2,4,5
200,3,25,5,0.2,"balanced",10,"SPM",0.00178571428571429,0,2,4,5
200,3,25,5,0.2,"balanced",10,"BPM",0.00178571428571429,0,2,4,5
200,3,25,5,0.2,"balanced",50,"SPM",0.00178571428571429,0,2,4,5
200,3,25,5,0.2,"balanced",50,"BPM",0.00178571428571429,0,2,4,5
200,3,25,5,0.2,"unbalanced",1,"SPM",0.00178571428571429,0,2,4,5
200,3,25,5,0.2,"unbalanced",1,"BPM",0.00178571428571429,0,2,4,5
200,3,25,5,0.2,"unbalanced",10,"SPM",0.00178571428571429,0,2,4,5
200,3,25,5,0.2,"unbalanced",10,"BPM",0.00178571428571429,0,2,4,5
200,3,25,5,0.2,"unbalanced",50,"SPM",0.00178571428571429,0,2,4,5
200,3,25,5,0.2,"unbalanced",50,"BPM",0.00178571428571429,0,2,4,5
200,4,20,6,0.5,"balanced",1,"SPM",0.00208333333333333,0,2,4,5
200,4,20,6,0.5,"balanced",1,"BPM",0.00208333333333333,0,2,4,5
200,4,20,6,0.5,"balanced",10,"SPM",0.00208333333333333,0,2,4,5
200,4,20,6,0.5,"balanced",10,"BPM",0.00208333333333333,0,2,4,5
200,4,20,6,0.5,"balanced",50,"SPM",0.00208333333333333,0,2,4,5
200,4,20,6,0.5,"balanced",50,"BPM",0.00208333333333333,0,2,4,5
200,4,20,6,0.5,"unbalanced",1,"SPM",0.00208333333333333,0,2,4,5
200,4,20,6,0.5,"unbalanced",1,"BPM",0.00208333333333333,0,2,4,5
200,4,20,6,0.5,"unbalanced",10,"SPM",0.00208333333333333,0,2,4,5
200,4,20,6,0.5,"unbalanced",10,"BPM",0.00208333333333333,0,2,4,5
200,4,20,6,0.5,"unbalanced",50,"SPM",0.00208333333333333,0,2,4,5
200,4,20,6,0.5,"unbalanced",50,"BPM",0.00208333333333333,0,2,4,5
200,4,20,6,0.2,"balanced",1,"SPM",0.00208333333333333,0,2,4,5
200,4,20,6,0.2,"balanced",1,"BPM",0.00208333333333333,0,2,4,5
200,4,20,6,0.2,"balanced",10,"SPM",0.00208333333333333,0,2,4,5
200,4,20,6,0.2,"balanced",10,"BPM",0.00208333333333333,0,2,4,5
200,4,20,6,0.2,"balanced",50,"SPM",0.00208333333333333,0,2,4,5
200,4,20,6,0.2,"balanced",50,"BPM",0.00208333333333333,0,2,4,5
200,4,20,6,0.2,"unbalanced",1,"SPM",0.00208333333333333,0,2,4,5
200,4,20,6,0.2,"unbalanced",1,"BPM",0.00208333333333333,0,2,4,5
200,4,20,6,0.2,"unbalanced",10,"SPM",0.00208333333333333,0,2,4,5
200,4,20,6,0.2,"unbalanced",10,"BPM",0.00208333333333333,0,2,4,5
200,4,20,6,0.2,"unbalanced",50,"SPM",0.00208333333333333,0,2,4,5
200,4,20,6,0.2,"unbalanced",50,"BPM",0.00208333333333333,0,2,4,5
200,5,15,7,0.5,"balanced",1,"SPM",0.0025,0,2,4,5
200,5,15,7,0.5,"balanced",1,"BPM",0.0025,0,2,4,5
200,5,15,7,0.5,"balanced",10,"SPM",0.0025,0,2,4,5
200,5,15,7,0.5,"balanced",10,"BPM",0.0025,0,2,4,5
200,5,15,7,0.5,"balanced",50,"SPM",0.0025,0,2,4,5
200,5,15,7,0.5,"balanced",50,"BPM",0.0025,0,2,4,5
200,5,15,7,0.5,"unbalanced",1,"SPM",0.0025,0,2,4,5
200,5,15,7,0.5,"unbalanced",1,"BPM",0.0025,0,2,4,5
200,5,15,7,0.5,"unbalanced",10,"SPM",0.0025,0,2,4,5
200,5,15,7,0.5,"unbalanced",10,"BPM",0.0025,0,2,4,5
200,5,15,7,0.5,"unbalanced",50,"SPM",0.0025,0,2,4,5
200,5,15,7,0.5,"unbalanced",50,"BPM",0.0025,0,2,4,5
200,5,15,7,0.2,"balanced",1,"SPM",0.0025,0,2,4,5
200,5,15,7,0.2,"balanced",1,"BPM",0.0025,0,2,4,5
200,5,15,7,0.2,"balanced",10,"SPM",0.0025,0,2,4,5
200,5,15,7,0.2,"balanced",10,"BPM",0.0025,0,2,4,5
200,5,15,7,0.2,"balanced",50,"SPM",0.0025,0,2,4,5
200,5,15,7,0.2,"balanced",50,"BPM",0.0025,0,2,4,5
200,5,15,7,0.2,"unbalanced",1,"SPM",0.0025,0,2,4,5
200,5,15,7,0.2,"unbalanced",1,"BPM",0.0025,0,2,4,5
200,5,15,7,0.2,"unbalanced",10,"SPM",0.0025,0,2,4,5
200,5,15,7,0.2,"unbalanced",10,"BPM",0.0025,0,2,4,5
200,5,15,7,0.2,"unbalanced",50,"SPM",0.0025,0,2,4,5
200,5,15,7,0.2,"unbalanced",50,"BPM",0.0025,0,2,4,5
200,6,10,8,0.5,"balanced",1,"SPM",0.003125,0,2,4,5
200,6,10,8,0.5,"balanced",1,"BPM",0.003125,0,2,4,5
200,6,10,8,0.5,"balanced",10,"SPM",0.003125,0,2,4,5
200,6,10,8,0.5,"balanced",10,"BPM",0.003125,0,2,4,5
200,6,10,8,0.5,"balanced",50,"SPM",0.003125,0,2,4,5
200,6,10,8,0.5,"balanced",50,"BPM",0.003125,0,2,4,5
200,6,10,8,0.5,"unbalanced",1,"SPM",0.003125,0,2,4,5
200,6,10,8,0.5,"unbalanced",1,"BPM",0.003125,0,2,4,5
200,6,10,8,0.5,"unbalanced",10,"SPM",0.003125,0,2,4,5
200,6,10,8,0.5,"unbalanced",10,"BPM",0.003125,0,2,4,5
200,6,10,8,0.5,"unbalanced",50,"SPM",0.003125,0,2,4,5
200,6,10,8,0.5,"unbalanced",50,"BPM",0.003125,0,2,4,5
200,6,10,8,0.2,"balanced",1,"SPM",0.003125,0,2,4,5
200,6,10,8,0.2,"balanced",1,"BPM",0.003125,0,2,4,5
200,6,10,8,0.2,"balanced",10,"SPM",0.003125,0,2,4,5
200,6,10,8,0.2,"balanced",10,"BPM",0.003125,0,2,4,5
200,6,10,8,0.2,"balanced",50,"SPM",0.003125,0,2,4,5
200,6,10,8,0.2,"balanced",50,"BPM",0.003125,0,2,4,5
200,6,10,8,0.2,"unbalanced",1,"SPM",0.003125,0,2,4,5
200,6,10,8,0.2,"unbalanced",1,"BPM",0.003125,0,2,4,5
200,6,10,8,0.2,"unbalanced",10,"SPM",0.003125,0,2,4,5
200,6,10,8,0.2,"unbalanced",10,"BPM",0.003125,0,2,4,5
200,6,10,8,0.2,"unbalanced",50,"SPM",0.003125,0,2,4,5
200,6,10,8,0.2,"unbalanced",50,"BPM",0.003125,0,2,4,5
200,7,5,9,0.5,"balanced",1,"SPM",0.00416666666666667,0,2,4,5
200,7,5,9,0.5,"balanced",1,"BPM",0.00416666666666667,0,2,4,5
200,7,5,9,0.5,"balanced",10,"SPM",0.00416666666666667,0,2,4,5
200,7,5,9,0.5,"balanced",10,"BPM",0.00416666666666667,0,2,4,5
200,7,5,9,0.5,"balanced",50,"SPM",0.00416666666666667,0,2,4,5
200,7,5,9,0.5,"balanced",50,"BPM",0.00416666666666667,0,2,4,5
200,7,5,9,0.5,"unbalanced",1,"SPM",0.00416666666666667,0,2,4,5
200,7,5,9,0.5,"unbalanced",1,"BPM",0.00416666666666667,0,2,4,5
200,7,5,9,0.5,"unbalanced",10,"SPM",0.00416666666666667,0,2,4,5
200,7,5,9,0.5,"unbalanced",10,"BPM",0.00416666666666667,0,2,4,5
200,7,5,9,0.5,"unbalanced",50,"SPM",0.00416666666666667,0,2,4,5
200,7,5,9,0.5,"unbalanced",50,"BPM",0.00416666666666667,0,2,4,5
200,7,5,9,0.2,"balanced",1,"SPM",0.00416666666666667,0,2,4,5
200,7,5,9,0.2,"balanced",1,"BPM",0.00416666666666667,0,2,4,5
200,7,5,9,0.2,"balanced",10,"SPM",0.00416666666666667,0,2,4,5
200,7,5,9,0.2,"balanced",10,"BPM",0.00416666666666667,0,2,4,5
200,7,5,9,0.2,"balanced",50,"SPM",0.00416666666666667,0,2,4,5
200,7,5,9,0.2,"balanced",50,"BPM",0.00416666666666667,0,2,4,5
200,7,5,9,0.2,"unbalanced",1,"SPM",0.00416666666666667,0,2,4,5
200,7,5,9,0.2,"unbalanced",1,"BPM",0.00416666666666667,0,2,4,5
200,7,5,9,0.2,"unbalanced",10,"SPM",0.00416666666666667,0,2,4,5
200,7,5,9,0.2,"unbalanced",10,"BPM",0.00416666666666667,0,2,4,5
200,7,5,9,0.2,"unbalanced",50,"SPM",0.00416666666666667,0,2,4,5
200,7,5,9,0.2,"unbalanced",50,"BPM",0.00416666666666667,0,2,4,5
200,8,0,10,0.5,"balanced",1,"SPM",0.00625,0,2,4,5
200,8,0,10,0.5,"balanced",1,"BPM",0.00625,0,2,4,5
200,8,0,10,0.5,"balanced",10,"SPM",0.00625,0,2,4,5
200,8,0,10,0.5,"balanced",10,"BPM",0.00625,0,2,4,5
200,8,0,10,0.5,"balanced",50,"SPM",0.00625,0,2,4,5
200,8,0,10,0.5,"balanced",50,"BPM",0.00625,0,2,4,5
200,8,0,10,0.5,"unbalanced",1,"SPM",0.00625,0,2,4,5
200,8,0,10,0.5,"unbalanced",1,"BPM",0.00625,0,2,4,5
200,8,0,10,0.5,"unbalanced",10,"SPM",0.00625,0,2,4,5
200,8,0,10,0.5,"unbalanced",10,"BPM",0.00625,0,2,4,5
200,8,0,10,0.5,"unbalanced",50,"SPM",0.00625,0,2,4,5
200,8,0,10,0.5,"unbalanced",50,"BPM",0.00625,0,2,4,5
200,8,0,10,0.2,"balanced",1,"SPM",0.00625,0,2,4,5
200,8,0,10,0.2,"balanced",1,"BPM",0.00625,0,2,4,5
200,8,0,10,0.2,"balanced",10,"SPM",0.00625,0,2,4,5
200,8,0,10,0.2,"balanced",10,"BPM",0.00625,0,2,4,5
200,8,0,10,0.2,"balanced",50,"SPM",0.00625,0,2,4,5
200,8,0,10,0.2,"balanced",50,"BPM",0.00625,0,2,4,5
200,8,0,10,0.2,"unbalanced",1,"SPM",0.00625,0,2,4,5
200,8,0,10,0.2,"unbalanced",1,"BPM",0.00625,0,2,4,5
200,8,0,10,0.2,"unbalanced",10,"SPM",0.00625,0,2,4,5
200,8,0,10,0.2,"unbalanced",10,"BPM",0.00625,0,2,4,5
200,8,0,10,0.2,"unbalanced",50,"SPM",0.00625,0,2,4,5
200,8,0,10,0.2,"unbalanced",50,"BPM",0.00625,0,2,4,5
800,1,155,11,0.5,"balanced",1,"SPM",0.000320512820512821,0,2,4,5
800,1,155,11,0.5,"balanced",1,"BPM",0.000320512820512821,0,2,4,5
800,1,155,11,0.5,"balanced",10,"SPM",0.000320512820512821,0,2,4,5
800,1,155,11,0.5,"balanced",10,"BPM",0.000320512820512821,0,2,4,5
800,1,155,11,0.5,"balanced",50,"SPM",0.000320512820512821,0,2,4,5
800,1,155,11,0.5,"balanced",50,"BPM",0.000320512820512821,0,2,4,5
800,1,155,11,0.5,"unbalanced",1,"SPM",0.000320512820512821,0,2,4,5
800,1,155,11,0.5,"unbalanced",1,"BPM",0.000320512820512821,0,2,4,5
800,1,155,11,0.5,"unbalanced",10,"SPM",0.000320512820512821,0,2,4,5
800,1,155,11,0.5,"unbalanced",10,"BPM",0.000320512820512821,0,2,4,5
800,1,155,11,0.5,"unbalanced",50,"SPM",0.000320512820512821,0,2,4,5
800,1,155,11,0.5,"unbalanced",50,"BPM",0.000320512820512821,0,2,4,5
800,1,155,11,0.2,"balanced",1,"SPM",0.000320512820512821,0,2,4,5
800,1,155,11,0.2,"balanced",1,"BPM",0.000320512820512821,0,2,4,5
800,1,155,11,0.2,"balanced",10,"SPM",0.000320512820512821,0,2,4,5
800,1,155,11,0.2,"balanced",10,"BPM",0.000320512820512821,0,2,4,5
800,1,155,11,0.2,"balanced",50,"SPM",0.000320512820512821,0,2,4,5
800,1,155,11,0.2,"balanced",50,"BPM",0.000320512820512821,0,2,4,5
800,1,155,11,0.2,"unbalanced",1,"SPM",0.000320512820512821,0,2,4,5
800,1,155,11,0.2,"unbalanced",1,"BPM",0.000320512820512821,0,2,4,5
800,1,155,11,0.2,"unbalanced",10,"SPM",0.000320512820512821,0,2,4,5
800,1,155,11,0.2,"unbalanced",10,"BPM",0.000320512820512821,0,2,4,5
800,1,155,11,0.2,"unbalanced",50,"SPM",0.000320512820512821,0,2,4,5
800,1,155,11,0.2,"unbalanced",50,"BPM",0.000320512820512821,0,2,4,5
800,2,150,12,0.5,"balanced",1,"SPM",0.000328947368421053,0,2,4,5
800,2,150,12,0.5,"balanced",1,"BPM",0.000328947368421053,0,2,4,5
800,2,150,12,0.5,"balanced",10,"SPM",0.000328947368421053,0,2,4,5
800,2,150,12,0.5,"balanced",10,"BPM",0.000328947368421053,0,2,4,5
800,2,150,12,0.5,"balanced",50,"SPM",0.000328947368421053,0,2,4,5
800,2,150,12,0.5,"balanced",50,"BPM",0.000328947368421053,0,2,4,5
800,2,150,12,0.5,"unbalanced",1,"SPM",0.000328947368421053,0,2,4,5
800,2,150,12,0.5,"unbalanced",1,"BPM",0.000328947368421053,0,2,4,5
800,2,150,12,0.5,"unbalanced",10,"SPM",0.000328947368421053,0,2,4,5
800,2,150,12,0.5,"unbalanced",10,"BPM",0.000328947368421053,0,2,4,5
800,2,150,12,0.5,"unbalanced",50,"SPM",0.000328947368421053,0,2,4,5
800,2,150,12,0.5,"unbalanced",50,"BPM",0.000328947368421053,0,2,4,5
800,2,150,12,0.2,"balanced",1,"SPM",0.000328947368421053,0,2,4,5
800,2,150,12,0.2,"balanced",1,"BPM",0.000328947368421053,0,2,4,5
800,2,150,12,0.2,"balanced",10,"SPM",0.000328947368421053,0,2,4,5
800,2,150,12,0.2,"balanced",10,"BPM",0.000328947368421053,0,2,4,5
800,2,150,12,0.2,"balanced",50,"SPM",0.000328947368421053,0,2,4,5
800,2,150,12,0.2,"balanced",50,"BPM",0.000328947368421053,0,2,4,5
800,2,150,12,0.2,"unbalanced",1,"SPM",0.000328947368421053,0,2,4,5
800,2,150,12,0.2,"unbalanced",1,"BPM",0.000328947368421053,0,2,4,5
800,2,150,12,0.2,"unbalanced",10,"SPM",0.000328947368421053,0,2,4,5
800,2,150,12,0.2,"unbalanced",10,"BPM",0.000328947368421053,0,2,4,5
800,2,150,12,0.2,"unbalanced",50,"SPM",0.000328947368421053,0,2,4,5
800,2,150,12,0.2,"unbalanced",50,"BPM",0.000328947368421053,0,2,4,5
800,3,145,13,0.5,"balanced",1,"SPM",0.000337837837837838,0,2,4,5
800,3,145,13,0.5,"balanced",1,"BPM",0.000337837837837838,0,2,4,5
800,3,145,13,0.5,"balanced",10,"SPM",0.000337837837837838,0,2,4,5
800,3,145,13,0.5,"balanced",10,"BPM",0.000337837837837838,0,2,4,5
800,3,145,13,0.5,"balanced",50,"SPM",0.000337837837837838,0,2,4,5
800,3,145,13,0.5,"balanced",50,"BPM",0.000337837837837838,0,2,4,5
800,3,145,13,0.5,"unbalanced",1,"SPM",0.000337837837837838,0,2,4,5
800,3,145,13,0.5,"unbalanced",1,"BPM",0.000337837837837838,0,2,4,5
800,3,145,13,0.5,"unbalanced",10,"SPM",0.000337837837837838,0,2,4,5
800,3,145,13,0.5,"unbalanced",10,"BPM",0.000337837837837838,0,2,4,5
800,3,145,13,0.5,"unbalanced",50,"SPM",0.000337837837837838,0,2,4,5
800,3,145,13,0.5,"unbalanced",50,"BPM",0.000337837837837838,0,2,4,5
800,3,145,13,0.2,"balanced",1,"SPM",0.000337837837837838,0,2,4,5
800,3,145,13,0.2,"balanced",1,"BPM",0.000337837837837838,0,2,4,5
800,3,145,13,0.2,"balanced",10,"SPM",0.000337837837837838,0,2,4,5
800,3,145,13,0.2,"balanced",10,"BPM",0.000337837837837838,0,2,4,5
800,3,145,13,0.2,"balanced",50,"SPM",0.000337837837837838,0,2,4,5
800,3,145,13,0.2,"balanced",50,"BPM",0.000337837837837838,0,2,4,5
800,3,145,13,0.2,"unbalanced",1,"SPM",0.000337837837837838,0,2,4,5
800,3,145,13,0.2,"unbalanced",1,"BPM",0.000337837837837838,0,2,4,5
800,3,145,13,0.2,"unbalanced",10,"SPM",0.000337837837837838,0,2,4,5
800,3,145,13,0.2,"unbalanced",10,"BPM",0.000337837837837838,0,2,4,5
800,3,145,13,0.2,"unbalanced",50,"SPM",0.000337837837837838,0,2,4,5
800,3,145,13,0.2,"unbalanced",50,"BPM",0.000337837837837838,0,2,4,5
800,4,140,14,0.5,"balanced",1,"SPM",0.000347222222222222,0,2,4,5
800,4,140,14,0.5,"balanced",1,"BPM",0.000347222222222222,0,2,4,5
800,4,140,14,0.5,"balanced",10,"SPM",0.000347222222222222,0,2,4,5
800,4,140,14,0.5,"balanced",10,"BPM",0.000347222222222222,0,2,4,5
800,4,140,14,0.5,"balanced",50,"SPM",0.000347222222222222,0,2,4,5
800,4,140,14,0.5,"balanced",50,"BPM",0.000347222222222222,0,2,4,5
800,4,140,14,0.5,"unbalanced",1,"SPM",0.000347222222222222,0,2,4,5
800,4,140,14,0.5,"unbalanced",1,"BPM",0.000347222222222222,0,2,4,5
800,4,140,14,0.5,"unbalanced",10,"SPM",0.000347222222222222,0,2,4,5
800,4,140,14,0.5,"unbalanced",10,"BPM",0.000347222222222222,0,2,4,5
800,4,140,14,0.5,"unbalanced",50,"SPM",0.000347222222222222,0,2,4,5
800,4,140,14,0.5,"unbalanced",50,"BPM",0.000347222222222222,0,2,4,5
800,4,140,14,0.2,"balanced",1,"SPM",0.000347222222222222,0,2,4,5
800,4,140,14,0.2,"balanced",1,"BPM",0.000347222222222222,0,2,4,5
800,4,140,14,0.2,"balanced",10,"SPM",0.000347222222222222,0,2,4,5
800,4,140,14,0.2,"balanced",10,"BPM",0.000347222222222222,0,2,4,5
800,4,140,14,0.2,"balanced",50,"SPM",0.000347222222222222,0,2,4,5
800,4,140,14,0.2,"balanced",50,"BPM",0.000347222222222222,0,2,4,5
800,4,140,14,0.2,"unbalanced",1,"SPM",0.000347222222222222,0,2,4,5
800,4,140,14,0.2,"unbalanced",1,"BPM",0.000347222222222222,0,2,4,5
800,4,140,14,0.2,"unbalanced",10,"SPM",0.000347222222222222,0,2,4,5
800,4,140,14,0.2,"unbalanced",10,"BPM",0.000347222222222222,0,2,4,5
800,4,140,14,0.2,"unbalanced",50,"SPM",0.000347222222222222,0,2,4,5
800,4,140,14,0.2,"unbalanced",50,"BPM",0.000347222222222222,0,2,4,5
800,5,135,15,0.5,"balanced",1,"SPM",0.000357142857142857,0,2,4,5
800,5,135,15,0.5,"balanced",1,"BPM",0.000357142857142857,0,2,4,5
800,5,135,15,0.5,"balanced",10,"SPM",0.000357142857142857,0,2,4,5
800,5,135,15,0.5,"balanced",10,"BPM",0.000357142857142857,0,2,4,5
800,5,135,15,0.5,"balanced",50,"SPM",0.000357142857142857,0,2,4,5
800,5,135,15,0.5,"balanced",50,"BPM",0.000357142857142857,0,2,4,5
800,5,135,15,0.5,"unbalanced",1,"SPM",0.000357142857142857,0,2,4,5
800,5,135,15,0.5,"unbalanced",1,"BPM",0.000357142857142857,0,2,4,5
800,5,135,15,0.5,"unbalanced",10,"SPM",0.000357142857142857,0,2,4,5
800,5,135,15,0.5,"unbalanced",10,"BPM",0.000357142857142857,0,2,4,5
800,5,135,15,0.5,"unbalanced",50,"SPM",0.000357142857142857,0,2,4,5
800,5,135,15,0.5,"unbalanced",50,"BPM",0.000357142857142857,0,2,4,5
800,5,135,15,0.2,"balanced",1,"SPM",0.000357142857142857,0,2,4,5
800,5,135,15,0.2,"balanced",1,"BPM",0.000357142857142857,0,2,4,5
800,5,135,15,0.2,"balanced",10,"SPM",0.000357142857142857,0,2,4,5
800,5,135,15,0.2,"balanced",10,"BPM",0.000357142857142857,0,2,4,5
800,5,135,15,0.2,"balanced",50,"SPM",0.000357142857142857,0,2,4,5
800,5,135,15,0.2,"balanced",50,"BPM",0.000357142857142857,0,2,4,5
800,5,135,15,0.2,"unbalanced",1,"SPM",0.000357142857142857,0,2,4,5
800,5,135,15,0.2,"unbalanced",1,"BPM",0.000357142857142857,0,2,4,5
800,5,135,15,0.2,"unbalanced",10,"SPM",0.000357142857142857,0,2,4,5
800,5,135,15,0.2,"unbalanced",10,"BPM",0.000357142857142857,0,2,4,5
800,5,135,15,0.2,"unbalanced",50,"SPM",0.000357142857142857,0,2,4,5
800,5,135,15,0.2,"unbalanced",50,"BPM",0.000357142857142857,0,2,4,5
800,6,130,16,0.5,"balanced",1,"SPM",0.000367647058823529,0,2,4,5
800,6,130,16,0.5,"balanced",1,"BPM",0.000367647058823529,0,2,4,5
800,6,130,16,0.5,"balanced",10,"SPM",0.000367647058823529,0,2,4,5
800,6,130,16,0.5,"balanced",10,"BPM",0.000367647058823529,0,2,4,5
800,6,130,16,0.5,"balanced",50,"SPM",0.000367647058823529,0,2,4,5
800,6,130,16,0.5,"balanced",50,"BPM",0.000367647058823529,0,2,4,5
800,6,130,16,0.5,"unbalanced",1,"SPM",0.000367647058823529,0,2,4,5
800,6,130,16,0.5,"unbalanced",1,"BPM",0.000367647058823529,0,2,4,5
800,6,130,16,0.5,"unbalanced",10,"SPM",0.000367647058823529,0,2,4,5
800,6,130,16,0.5,"unbalanced",10,"BPM",0.000367647058823529,0,2,4,5
800,6,130,16,0.5,"unbalanced",50,"SPM",0.000367647058823529,0,2,4,5
800,6,130,16,0.5,"unbalanced",50,"BPM",0.000367647058823529,0,2,4,5
800,6,130,16,0.2,"balanced",1,"SPM",0.000367647058823529,0,2,4,5
800,6,130,16,0.2,"balanced",1,"BPM",0.000367647058823529,0,2,4,5
800,6,130,16,0.2,"balanced",10,"SPM",0.000367647058823529,0,2,4,5
800,6,130,16,0.2,"balanced",10,"BPM",0.000367647058823529,0,2,4,5
800,6,130,16,0.2,"balanced",50,"SPM",0.000367647058823529,0,2,4,5
800,6,130,16,0.2,"balanced",50,"BPM",0.000367647058823529,0,2,4,5
800,6,130,16,0.2,"unbalanced",1,"SPM",0.000367647058823529,0,2,4,5
800,6,130,16,0.2,"unbalanced",1,"BPM",0.000367647058823529,0,2,4,5
800,6,130,16,0.2,"unbalanced",10,"SPM",0.000367647058823529,0,2,4,5
800,6,130,16,0.2,"unbalanced",10,"BPM",0.000367647058823529,0,2,4,5
800,6,130,16,0.2,"unbalanced",50,"SPM",0.000367647058823529,0,2,4,5
800,6,130,16,0.2,"unbalanced",50,"BPM",0.000367647058823529,0,2,4,5
800,7,125,17,0.5,"balanced",1,"SPM",0.000378787878787879,0,2,4,5
800,7,125,17,0.5,"balanced",1,"BPM",0.000378787878787879,0,2,4,5
800,7,125,17,0.5,"balanced",10,"SPM",0.000378787878787879,0,2,4,5
800,7,125,17,0.5,"balanced",10,"BPM",0.000378787878787879,0,2,4,5
800,7,125,17,0.5,"balanced",50,"SPM",0.000378787878787879,0,2,4,5
800,7,125,17,0.5,"balanced",50,"BPM",0.000378787878787879,0,2,4,5
800,7,125,17,0.5,"unbalanced",1,"SPM",0.000378787878787879,0,2,4,5
800,7,125,17,0.5,"unbalanced",1,"BPM",0.000378787878787879,0,2,4,5
800,7,125,17,0.5,"unbalanced",10,"SPM",0.000378787878787879,0,2,4,5
800,7,125,17,0.5,"unbalanced",10,"BPM",0.000378787878787879,0,2,4,5
800,7,125,17,0.5,"unbalanced",50,"SPM",0.000378787878787879,0,2,4,5
800,7,125,17,0.5,"unbalanced",50,"BPM",0.000378787878787879,0,2,4,5
800,7,125,17,0.2,"balanced",1,"SPM",0.000378787878787879,0,2,4,5
800,7,125,17,0.2,"balanced",1,"BPM",0.000378787878787879,0,2,4,5
800,7,125,17,0.2,"balanced",10,"SPM",0.000378787878787879,0,2,4,5
800,7,125,17,0.2,"balanced",10,"BPM",0.000378787878787879,0,2,4,5
800,7,125,17,0.2,"balanced",50,"SPM",0.000378787878787879,0,2,4,5
800,7,125,17,0.2,"balanced",50,"BPM",0.000378787878787879,0,2,4,5
800,7,125,17,0.2,"unbalanced",1,"SPM",0.000378787878787879,0,2,4,5
800,7,125,17,0.2,"unbalanced",1,"BPM",0.000378787878787879,0,2,4,5
800,7,125,17,0.2,"unbalanced",10,"SPM",0.000378787878787879,0,2,4,5
800,7,125,17,0.2,"unbalanced",10,"BPM",0.000378787878787879,0,2,4,5
800,7,125,17,0.2,"unbalanced",50,"SPM",0.000378787878787879,0,2,4,5
800,7,125,17,0.2,"unbalanced",50,"BPM",0.000378787878787879,0,2,4,5
800,8,120,18,0.5,"balanced",1,"SPM",0.000390625,0,2,4,5
800,8,120,18,0.5,"balanced",1,"BPM",0.000390625,0,2,4,5
800,8,120,18,0.5,"balanced",10,"SPM",0.000390625,0,2,4,5
800,8,120,18,0.5,"balanced",10,"BPM",0.000390625,0,2,4,5
800,8,120,18,0.5,"balanced",50,"SPM",0.000390625,0,2,4,5
800,8,120,18,0.5,"balanced",50,"BPM",0.000390625,0,2,4,5
800,8,120,18,0.5,"unbalanced",1,"SPM",0.000390625,0,2,4,5
800,8,120,18,0.5,"unbalanced",1,"BPM",0.000390625,0,2,4,5
800,8,120,18,0.5,"unbalanced",10,"SPM",0.000390625,0,2,4,5
800,8,120,18,0.5,"unbalanced",10,"BPM",0.000390625,0,2,4,5
800,8,120,18,0.5,"unbalanced",50,"SPM",0.000390625,0,2,4,5
800,8,120,18,0.5,"unbalanced",50,"BPM",0.000390625,0,2,4,5
800,8,120,18,0.2,"balanced",1,"SPM",0.000390625,0,2,4,5
800,8,120,18,0.2,"balanced",1,"BPM",0.000390625,0,2,4,5
800,8,120,18,0.2,"balanced",10,"SPM",0.000390625,0,2,4,5
800,8,120,18,0.2,"balanced",10,"BPM",0.000390625,0,2,4,5
800,8,120,18,0.2,"balanced",50,"SPM",0.000390625,0,2,4,5
800,8,120,18,0.2,"balanced",50,"BPM",0.000390625,0,2,4,5
800,8,120,18,0.2,"unbalanced",1,"SPM",0.000390625,0,2,4,5
800,8,120,18,0.2,"unbalanced",1,"BPM",0.000390625,0,2,4,5
800,8,120,18,0.2,"unbalanced",10,"SPM",0.000390625,0,2,4,5
800,8,120,18,0.2,"unbalanced",10,"BPM",0.000390625,0,2,4,5
800,8,120,18,0.2,"unbalanced",50,"SPM",0.000390625,0,2,4,5
800,8,120,18,0.2,"unbalanced",50,"BPM",0.000390625,0,2,4,5
800,9,115,19,0.5,"balanced",1,"SPM",0.000403225806451613,0,2,4,5
800,9,115,19,0.5,"balanced",1,"BPM",0.000403225806451613,0,2,4,5
800,9,115,19,0.5,"balanced",10,"SPM",0.000403225806451613,0,2,4,5
800,9,115,19,0.5,"balanced",10,"BPM",0.000403225806451613,0,2,4,5
800,9,115,19,0.5,"balanced",50,"SPM",0.000403225806451613,0,2,4,5
800,9,115,19,0.5,"balanced",50,"BPM",0.000403225806451613,0,2,4,5
800,9,115,19,0.5,"unbalanced",1,"SPM",0.000403225806451613,0,2,4,5
800,9,115,19,0.5,"unbalanced",1,"BPM",0.000403225806451613,0,2,4,5
800,9,115,19,0.5,"unbalanced",10,"SPM",0.000403225806451613,0,2,4,5
800,9,115,19,0.5,"unbalanced",10,"BPM",0.000403225806451613,0,2,4,5
800,9,115,19,0.5,"unbalanced",50,"SPM",0.000403225806451613,0,2,4,5
800,9,115,19,0.5,"unbalanced",50,"BPM",0.000403225806451613,0,2,4,5
800,9,115,19,0.2,"balanced",1,"SPM",0.000403225806451613,0,2,4,5
800,9,115,19,0.2,"balanced",1,"BPM",0.000403225806451613,0,2,4,5
800,9,115,19,0.2,"balanced",10,"SPM",0.000403225806451613,0,2,4,5
800,9,115,19,0.2,"balanced",10,"BPM",0.000403225806451613,0,2,4,5
800,9,115,19,0.2,"balanced",50,"SPM",0.000403225806451613,0,2,4,5
800,9,115,19,0.2,"balanced",50,"BPM",0.000403225806451613,0,2,4,5
800,9,115,19,0.2,"unbalanced",1,"SPM",0.000403225806451613,0,2,4,5
800,9,115,19,0.2,"unbalanced",1,"BPM",0.000403225806451613,0,2,4,5
800,9,115,19,0.2,"unbalanced",10,"SPM",0.000403225806451613,0,2,4,5
800,9,115,19,0.2,"unbalanced",10,"BPM",0.000403225806451613,0,2,4,5
800,9,115,19,0.2,"unbalanced",50,"SPM",0.000403225806451613,0,2,4,5
800,9,115,19,0.2,"unbalanced",50,"BPM",0.000403225806451613,0,2,4,5
800,10,110,20,0.5,"balanced",1,"SPM",0.000416666666666667,0,2,4,5
800,10,110,20,0.5,"balanced",1,"BPM",0.000416666666666667,0,2,4,5
800,10,110,20,0.5,"balanced",10,"SPM",0.000416666666666667,0,2,4,5
800,10,110,20,0.5,"balanced",10,"BPM",0.000416666666666667,0,2,4,5
800,10,110,20,0.5,"balanced",50,"SPM",0.000416666666666667,0,2,4,5
800,10,110,20,0.5,"balanced",50,"BPM",0.000416666666666667,0,2,4,5
800,10,110,20,0.5,"unbalanced",1,"SPM",0.000416666666666667,0,2,4,5
800,10,110,20,0.5,"unbalanced",1,"BPM",0.000416666666666667,0,2,4,5
800,10,110,20,0.5,"unbalanced",10,"SPM",0.000416666666666667,0,2,4,5
800,10,110,20,0.5,"unbalanced",10,"BPM",0.000416666666666667,0,2,4,5
800,10,110,20,0.5,"unbalanced",50,"SPM",0.000416666666666667,0,2,4,5
800,10,110,20,0.5,"unbalanced",50,"BPM",0.000416666666666667,0,2,4,5
800,10,110,20,0.2,"balanced",1,"SPM",0.000416666666666667,0,2,4,5
800,10,110,20,0.2,"balanced",1,"BPM",0.000416666666666667,0,2,4,5
800,10,110,20,0.2,"balanced",10,"SPM",0.000416666666666667,0,2,4,5
800,10,110,20,0.2,"balanced",10,"BPM",0.000416666666666667,0,2,4,5
800,10,110,20,0.2,"balanced",50,"SPM",0.000416666666666667,0,2,4,5
800,10,110,20,0.2,"balanced",50,"BPM",0.000416666666666667,0,2,4,5
800,10,110,20,0.2,"unbalanced",1,"SPM",0.000416666666666667,0,2,4,5
800,10,110,20,0.2,"unbalanced",1,"BPM",0.000416666666666667,0,2,4,5
800,10,110,20,0.2,"unbalanced",10,"SPM",0.000416666666666667,0,2,4,5
800,10,110,20,0.2,"unbalanced",10,"BPM",0.000416666666666667,0,2,4,5
800,10,110,20,0.2,"unbalanced",50,"SPM",0.000416666666666667,0,2,4,5
800,10,110,20,0.2,"unbalanced",50,"BPM",0.000416666666666667,0,2,4,5
800,11,105,21,0.5,"balanced",1,"SPM",0.000431034482758621,0,2,4,5
800,11,105,21,0.5,"balanced",1,"BPM",0.000431034482758621,0,2,4,5
800,11,105,21,0.5,"balanced",10,"SPM",0.000431034482758621,0,2,4,5
800,11,105,21,0.5,"balanced",10,"BPM",0.000431034482758621,0,2,4,5
800,11,105,21,0.5,"balanced",50,"SPM",0.000431034482758621,0,2,4,5
800,11,105,21,0.5,"balanced",50,"BPM",0.000431034482758621,0,2,4,5
800,11,105,21,0.5,"unbalanced",1,"SPM",0.000431034482758621,0,2,4,5
800,11,105,21,0.5,"unbalanced",1,"BPM",0.000431034482758621,0,2,4,5
800,11,105,21,0.5,"unbalanced",10,"SPM",0.000431034482758621,0,2,4,5
800,11,105,21,0.5,"unbalanced",10,"BPM",0.000431034482758621,0,2,4,5
800,11,105,21,0.5,"unbalanced",50,"SPM",0.000431034482758621,0,2,4,5
800,11,105,21,0.5,"unbalanced",50,"BPM",0.000431034482758621,0,2,4,5
800,11,105,21,0.2,"balanced",1,"SPM",0.000431034482758621,0,2,4,5
800,11,105,21,0.2,"balanced",1,"BPM",0.000431034482758621,0,2,4,5
800,11,105,21,0.2,"balanced",10,"SPM",0.000431034482758621,0,2,4,5
800,11,105,21,0.2,"balanced",10,"BPM",0.000431034482758621,0,2,4,5
800,11,105,21,0.2,"balanced",50,"SPM",0.000431034482758621,0,2,4,5
800,11,105,21,0.2,"balanced",50,"BPM",0.000431034482758621,0,2,4,5
800,11,105,21,0.2,"unbalanced",1,"SPM",0.000431034482758621,0,2,4,5
800,11,105,21,0.2,"unbalanced",1,"BPM",0.000431034482758621,0,2,4,5
800,11,105,21,0.2,"unbalanced",10,"SPM",0.000431034482758621,0,2,4,5
800,11,105,21,0.2,"unbalanced",10,"BPM",0.000431034482758621,0,2,4,5
800,11,105,21,0.2,"unbalanced",50,"SPM",0.000431034482758621,0,2,4,5
800,11,105,21,0.2,"unbalanced",50,"BPM",0.000431034482758621,0,2,4,5
800,12,100,22,0.5,"balanced",1,"SPM",0.000446428571428571,0,2,4,5
800,12,100,22,0.5,"balanced",1,"BPM",0.000446428571428571,0,2,4,5
800,12,100,22,0.5,"balanced",10,"SPM",0.000446428571428571,0,2,4,5
800,12,100,22,0.5,"balanced",10,"BPM",0.000446428571428571,0,2,4,5
800,12,100,22,0.5,"balanced",50,"SPM",0.000446428571428571,0,2,4,5
800,12,100,22,0.5,"balanced",50,"BPM",0.000446428571428571,0,2,4,5
800,12,100,22,0.5,"unbalanced",1,"SPM",0.000446428571428571,0,2,4,5
800,12,100,22,0.5,"unbalanced",1,"BPM",0.000446428571428571,0,2,4,5
800,12,100,22,0.5,"unbalanced",10,"SPM",0.000446428571428571,0,2,4,5
800,12,100,22,0.5,"unbalanced",10,"BPM",0.000446428571428571,0,2,4,5
800,12,100,22,0.5,"unbalanced",50,"SPM",0.000446428571428571,0,2,4,5
800,12,100,22,0.5,"unbalanced",50,"BPM",0.000446428571428571,0,2,4,5
800,12,100,22,0.2,"balanced",1,"SPM",0.000446428571428571,0,2,4,5
800,12,100,22,0.2,"balanced",1,"BPM",0.000446428571428571,0,2,4,5
800,12,100,22,0.2,"balanced",10,"SPM",0.000446428571428571,0,2,4,5
800,12,100,22,0.2,"balanced",10,"BPM",0.000446428571428571,0,2,4,5
800,12,100,22,0.2,"balanced",50,"SPM",0.000446428571428571,0,2,4,5
800,12,100,22,0.2,"balanced",50,"BPM",0.000446428571428571,0,2,4,5
800,12,100,22,0.2,"unbalanced",1,"SPM",0.000446428571428571,0,2,4,5
800,12,100,22,0.2,"unbalanced",1,"BPM",0.000446428571428571,0,2,4,5
800,12,100,22,0.2,"unbalanced",10,"SPM",0.000446428571428571,0,2,4,5
800,12,100,22,0.2,"unbalanced",10,"BPM",0.000446428571428571,0,2,4,5
800,12,100,22,0.2,"unbalanced",50,"SPM",0.000446428571428571,0,2,4,5
800,12,100,22,0.2,"unbalanced",50,"BPM",0.000446428571428571,0,2,4,5
800,13,95,23,0.5,"balanced",1,"SPM",0.000462962962962963,0,2,4,5
800,13,95,23,0.5,"balanced",1,"BPM",0.000462962962962963,0,2,4,5
800,13,95,23,0.5,"balanced",10,"SPM",0.000462962962962963,0,2,4,5
800,13,95,23,0.5,"balanced",10,"BPM",0.000462962962962963,0,2,4,5
800,13,95,23,0.5,"balanced",50,"SPM",0.000462962962962963,0,2,4,5
800,13,95,23,0.5,"balanced",50,"BPM",0.000462962962962963,0,2,4,5
800,13,95,23,0.5,"unbalanced",1,"SPM",0.000462962962962963,0,2,4,5
800,13,95,23,0.5,"unbalanced",1,"BPM",0.000462962962962963,0,2,4,5
800,13,95,23,0.5,"unbalanced",10,"SPM",0.000462962962962963,0,2,4,5
800,13,95,23,0.5,"unbalanced",10,"BPM",0.000462962962962963,0,2,4,5
800,13,95,23,0.5,"unbalanced",50,"SPM",0.000462962962962963,0,2,4,5
800,13,95,23,0.5,"unbalanced",50,"BPM",0.000462962962962963,0,2,4,5
800,13,95,23,0.2,"balanced",1,"SPM",0.000462962962962963,0,2,4,5
800,13,95,23,0.2,"balanced",1,"BPM",0.000462962962962963,0,2,4,5
800,13,95,23,0.2,"balanced",10,"SPM",0.000462962962962963,0,2,4,5
800,13,95,23,0.2,"balanced",10,"BPM",0.000462962962962963,0,2,4,5
800,13,95,23,0.2,"balanced",50,"SPM",0.000462962962962963,0,2,4,5
800,13,95,23,0.2,"balanced",50,"BPM",0.000462962962962963,0,2,4,5
800,13,95,23,0.2,"unbalanced",1,"SPM",0.000462962962962963,0,2,4,5
800,13,95,23,0.2,"unbalanced",1,"BPM",0.000462962962962963,0,2,4,5
800,13,95,23,0.2,"unbalanced",10,"SPM",0.000462962962962963,0,2,4,5
800,13,95,23,0.2,"unbalanced",10,"BPM",0.000462962962962963,0,2,4,5
800,13,95,23,0.2,"unbalanced",50,"SPM",0.000462962962962963,0,2,4,5
800,13,95,23,0.2,"unbalanced",50,"BPM",0.000462962962962963,0,2,4,5
800,14,90,24,0.5,"balanced",1,"SPM",0.000480769230769231,0,2,4,5
800,14,90,24,0.5,"balanced",1,"BPM",0.000480769230769231,0,2,4,5
800,14,90,24,0.5,"balanced",10,"SPM",0.000480769230769231,0,2,4,5
800,14,90,24,0.5,"balanced",10,"BPM",0.000480769230769231,0,2,4,5
800,14,90,24,0.5,"balanced",50,"SPM",0.000480769230769231,0,2,4,5
800,14,90,24,0.5,"balanced",50,"BPM",0.000480769230769231,0,2,4,5
800,14,90,24,0.5,"unbalanced",1,"SPM",0.000480769230769231,0,2,4,5
800,14,90,24,0.5,"unbalanced",1,"BPM",0.000480769230769231,0,2,4,5
800,14,90,24,0.5,"unbalanced",10,"SPM",0.000480769230769231,0,2,4,5
800,14,90,24,0.5,"unbalanced",10,"BPM",0.000480769230769231,0,2,4,5
800,14,90,24,0.5,"unbalanced",50,"SPM",0.000480769230769231,0,2,4,5
800,14,90,24,0.5,"unbalanced",50,"BPM",0.000480769230769231,0,2,4,5
800,14,90,24,0.2,"balanced",1,"SPM",0.000480769230769231,0,2,4,5
800,14,90,24,0.2,"balanced",1,"BPM",0.000480769230769231,0,2,4,5
800,14,90,24,0.2,"balanced",10,"SPM",0.000480769230769231,0,2,4,5
800,14,90,24,0.2,"balanced",10,"BPM",0.000480769230769231,0,2,4,5
800,14,90,24,0.2,"balanced",50,"SPM",0.000480769230769231,0,2,4,5
800,14,90,24,0.2,"balanced",50,"BPM",0.000480769230769231,0,2,4,5
800,14,90,24,0.2,"unbalanced",1,"SPM",0.000480769230769231,0,2,4,5
800,14,90,24,0.2,"unbalanced",1,"BPM",0.000480769230769231,0,2,4,5
800,14,90,24,0.2,"unbalanced",10,"SPM",0.000480769230769231,0,2,4,5
800,14,90,24,0.2,"unbalanced",10,"BPM",0.000480769230769231,0,2,4,5
800,14,90,24,0.2,"unbalanced",50,"SPM",0.000480769230769231,0,2,4,5
800,14,90,24,0.2,"unbalanced",50,"BPM",0.000480769230769231,0,2,4,5
800,15,85,25,0.5,"balanced",1,"SPM",5e-04,0,2,4,5
800,15,85,25,0.5,"balanced",1,"BPM",5e-04,0,2,4,5
800,15,85,25,0.5,"balanced",10,"SPM",5e-04,0,2,4,5
800,15,85,25,0.5,"balanced",10,"BPM",5e-04,0,2,4,5
800,15,85,25,0.5,"balanced",50,"SPM",5e-04,0,2,4,5
800,15,85,25,0.5,"balanced",50,"BPM",5e-04,0,2,4,5
800,15,85,25,0.5,"unbalanced",1,"SPM",5e-04,0,2,4,5
800,15,85,25,0.5,"unbalanced",1,"BPM",5e-04,0,2,4,5
800,15,85,25,0.5,"unbalanced",10,"SPM",5e-04,0,2,4,5
800,15,85,25,0.5,"unbalanced",10,"BPM",5e-04,0,2,4,5
800,15,85,25,0.5,"unbalanced",50,"SPM",5e-04,0,2,4,5
800,15,85,25,0.5,"unbalanced",50,"BPM",5e-04,0,2,4,5
800,15,85,25,0.2,"balanced",1,"SPM",5e-04,0,2,4,5
800,15,85,25,0.2,"balanced",1,"BPM",5e-04,0,2,4,5
800,15,85,25,0.2,"balanced",10,"SPM",5e-04,0,2,4,5
800,15,85,25,0.2,"balanced",10,"BPM",5e-04,0,2,4,5
800,15,85,25,0.2,"balanced",50,"SPM",5e-04,0,2,4,5
800,15,85,25,0.2,"balanced",50,"BPM",5e-04,0,2,4,5
800,15,85,25,0.2,"unbalanced",1,"SPM",5e-04,0,2,4,5
800,15,85,25,0.2,"unbalanced",1,"BPM",5e-04,0,2,4,5
800,15,85,25,0.2,"unbalanced",10,"SPM",5e-04,0,2,4,5
800,15,85,25,0.2,"unbalanced",10,"BPM",5e-04,0,2,4,5
800,15,85,25,0.2,"unbalanced",50,"SPM",5e-04,0,2,4,5
800,15,85,25,0.2,"unbalanced",50,"BPM",5e-04,0,2,4,5
800,16,80,26,0.5,"balanced",1,"SPM",0.000520833333333333,0,2,4,5
800,16,80,26,0.5,"balanced",1,"BPM",0.000520833333333333,0,2,4,5
800,16,80,26,0.5,"balanced",10,"SPM",0.000520833333333333,0,2,4,5
800,16,80,26,0.5,"balanced",10,"BPM",0.000520833333333333,0,2,4,5
800,16,80,26,0.5,"balanced",50,"SPM",0.000520833333333333,0,2,4,5
800,16,80,26,0.5,"balanced",50,"BPM",0.000520833333333333,0,2,4,5
800,16,80,26,0.5,"unbalanced",1,"SPM",0.000520833333333333,0,2,4,5
800,16,80,26,0.5,"unbalanced",1,"BPM",0.000520833333333333,0,2,4,5
800,16,80,26,0.5,"unbalanced",10,"SPM",0.000520833333333333,0,2,4,5
800,16,80,26,0.5,"unbalanced",10,"BPM",0.000520833333333333,0,2,4,5
800,16,80,26,0.5,"unbalanced",50,"SPM",0.000520833333333333,0,2,4,5
800,16,80,26,0.5,"unbalanced",50,"BPM",0.000520833333333333,0,2,4,5
800,16,80,26,0.2,"balanced",1,"SPM",0.000520833333333333,0,2,4,5
800,16,80,26,0.2,"balanced",1,"BPM",0.000520833333333333,0,2,4,5
800,16,80,26,0.2,"balanced",10,"SPM",0.000520833333333333,0,2,4,5
800,16,80,26,0.2,"balanced",10,"BPM",0.000520833333333333,0,2,4,5
800,16,80,26,0.2,"balanced",50,"SPM",0.000520833333333333,0,2,4,5
800,16,80,26,0.2,"balanced",50,"BPM",0.000520833333333333,0,2,4,5
800,16,80,26,0.2,"unbalanced",1,"SPM",0.000520833333333333,0,2,4,5
800,16,80,26,0.2,"unbalanced",1,"BPM",0.000520833333333333,0,2,4,5
800,16,80,26,0.2,"unbalanced",10,"SPM",0.000520833333333333,0,2,4,5
800,16,80,26,0.2,"unbalanced",10,"BPM",0.000520833333333333,0,2,4,5
800,16,80,26,0.2,"unbalanced",50,"SPM",0.000520833333333333,0,2,4,5
800,16,80,26,0.2,"unbalanced",50,"BPM",0.000520833333333333,0,2,4,5
800,17,75,27,0.5,"balanced",1,"SPM",0.000543478260869565,0,2,4,5
800,17,75,27,0.5,"balanced",1,"BPM",0.000543478260869565,0,2,4,5
800,17,75,27,0.5,"balanced",10,"SPM",0.000543478260869565,0,2,4,5
800,17,75,27,0.5,"balanced",10,"BPM",0.000543478260869565,0,2,4,5
800,17,75,27,0.5,"balanced",50,"SPM",0.000543478260869565,0,2,4,5
800,17,75,27,0.5,"balanced",50,"BPM",0.000543478260869565,0,2,4,5
800,17,75,27,0.5,"unbalanced",1,"SPM",0.000543478260869565,0,2,4,5
800,17,75,27,0.5,"unbalanced",1,"BPM",0.000543478260869565,0,2,4,5
800,17,75,27,0.5,"unbalanced",10,"SPM",0.000543478260869565,0,2,4,5
800,17,75,27,0.5,"unbalanced",10,"BPM",0.000543478260869565,0,2,4,5
800,17,75,27,0.5,"unbalanced",50,"SPM",0.000543478260869565,0,2,4,5
800,17,75,27,0.5,"unbalanced",50,"BPM",0.000543478260869565,0,2,4,5
800,17,75,27,0.2,"balanced",1,"SPM",0.000543478260869565,0,2,4,5
800,17,75,27,0.2,"balanced",1,"BPM",0.000543478260869565,0,2,4,5
800,17,75,27,0.2,"balanced",10,"SPM",0.000543478260869565,0,2,4,5
800,17,75,27,0.2,"balanced",10,"BPM",0.000543478260869565,0,2,4,5
800,17,75,27,0.2,"balanced",50,"SPM",0.000543478260869565,0,2,4,5
800,17,75,27,0.2,"balanced",50,"BPM",0.000543478260869565,0,2,4,5
800,17,75,27,0.2,"unbalanced",1,"SPM",0.000543478260869565,0,2,4,5
800,17,75,27,0.2,"unbalanced",1,"BPM",0.000543478260869565,0,2,4,5
800,17,75,27,0.2,"unbalanced",10,"SPM",0.000543478260869565,0,2,4,5
800,17,75,27,0.2,"unbalanced",10,"BPM",0.000543478260869565,0,2,4,5
800,17,75,27,0.2,"unbalanced",50,"SPM",0.000543478260869565,0,2,4,5
800,17,75,27,0.2,"unbalanced",50,"BPM",0.000543478260869565,0,2,4,5
800,18,70,28,0.5,"balanced",1,"SPM",0.000568181818181818,0,2,4,5
800,18,70,28,0.5,"balanced",1,"BPM",0.000568181818181818,0,2,4,5
800,18,70,28,0.5,"balanced",10,"SPM",0.000568181818181818,0,2,4,5
800,18,70,28,0.5,"balanced",10,"BPM",0.000568181818181818,0,2,4,5
800,18,70,28,0.5,"balanced",50,"SPM",0.000568181818181818,0,2,4,5
800,18,70,28,0.5,"balanced",50,"BPM",0.000568181818181818,0,2,4,5
800,18,70,28,0.5,"unbalanced",1,"SPM",0.000568181818181818,0,2,4,5
800,18,70,28,0.5,"unbalanced",1,"BPM",0.000568181818181818,0,2,4,5
800,18,70,28,0.5,"unbalanced",10,"SPM",0.000568181818181818,0,2,4,5
800,18,70,28,0.5,"unbalanced",10,"BPM",0.000568181818181818,0,2,4,5
800,18,70,28,0.5,"unbalanced",50,"SPM",0.000568181818181818,0,2,4,5
800,18,70,28,0.5,"unbalanced",50,"BPM",0.000568181818181818,0,2,4,5
800,18,70,28,0.2,"balanced",1,"SPM",0.000568181818181818,0,2,4,5
800,18,70,28,0.2,"balanced",1,"BPM",0.000568181818181818,0,2,4,5
800,18,70,28,0.2,"balanced",10,"SPM",0.000568181818181818,0,2,4,5
800,18,70,28,0.2,"balanced",10,"BPM",0.000568181818181818,0,2,4,5
800,18,70,28,0.2,"balanced",50,"SPM",0.000568181818181818,0,2,4,5
800,18,70,28,0.2,"balanced",50,"BPM",0.000568181818181818,0,2,4,5
800,18,70,28,0.2,"unbalanced",1,"SPM",0.000568181818181818,0,2,4,5
800,18,70,28,0.2,"unbalanced",1,"BPM",0.000568181818181818,0,2,4,5
800,18,70,28,0.2,"unbalanced",10,"SPM",0.000568181818181818,0,2,4,5
800,18,70,28,0.2,"unbalanced",10,"BPM",0.000568181818181818,0,2,4,5
800,18,70,28,0.2,"unbalanced",50,"SPM",0.000568181818181818,0,2,4,5
800,18,70,28,0.2,"unbalanced",50,"BPM",0.000568181818181818,0,2,4,5
800,19,65,29,0.5,"balanced",1,"SPM",0.000595238095238095,0,2,4,5
800,19,65,29,0.5,"balanced",1,"BPM",0.000595238095238095,0,2,4,5
800,19,65,29,0.5,"balanced",10,"SPM",0.000595238095238095,0,2,4,5
800,19,65,29,0.5,"balanced",10,"BPM",0.000595238095238095,0,2,4,5
800,19,65,29,0.5,"balanced",50,"SPM",0.000595238095238095,0,2,4,5
800,19,65,29,0.5,"balanced",50,"BPM",0.000595238095238095,0,2,4,5
800,19,65,29,0.5,"unbalanced",1,"SPM",0.000595238095238095,0,2,4,5
800,19,65,29,0.5,"unbalanced",1,"BPM",0.000595238095238095,0,2,4,5
800,19,65,29,0.5,"unbalanced",10,"SPM",0.000595238095238095,0,2,4,5
800,19,65,29,0.5,"unbalanced",10,"BPM",0.000595238095238095,0,2,4,5
800,19,65,29,0.5,"unbalanced",50,"SPM",0.000595238095238095,0,2,4,5
800,19,65,29,0.5,"unbalanced",50,"BPM",0.000595238095238095,0,2,4,5
800,19,65,29,0.2,"balanced",1,"SPM",0.000595238095238095,0,2,4,5
800,19,65,29,0.2,"balanced",1,"BPM",0.000595238095238095,0,2,4,5
800,19,65,29,0.2,"balanced",10,"SPM",0.000595238095238095,0,2,4,5
800,19,65,29,0.2,"balanced",10,"BPM",0.000595238095238095,0,2,4,5
800,19,65,29,0.2,"balanced",50,"SPM",0.000595238095238095,0,2,4,5
800,19,65,29,0.2,"balanced",50,"BPM",0.000595238095238095,0,2,4,5
800,19,65,29,0.2,"unbalanced",1,"SPM",0.000595238095238095,0,2,4,5
800,19,65,29,0.2,"unbalanced",1,"BPM",0.000595238095238095,0,2,4,5
800,19,65,29,0.2,"unbalanced",10,"SPM",0.000595238095238095,0,2,4,5
800,19,65,29,0.2,"unbalanced",10,"BPM",0.000595238095238095,0,2,4,5
800,19,65,29,0.2,"unbalanced",50,"SPM",0.000595238095238095,0,2,4,5
800,19,65,29,0.2,"unbalanced",50,"BPM",0.000595238095238095,0,2,4,5
800,20,60,30,0.5,"balanced",1,"SPM",0.000625,0,2,4,5
800,20,60,30,0.5,"balanced",1,"BPM",0.000625,0,2,4,5
800,20,60,30,0.5,"balanced",10,"SPM",0.000625,0,2,4,5
800,20,60,30,0.5,"balanced",10,"BPM",0.000625,0,2,4,5
800,20,60,30,0.5,"balanced",50,"SPM",0.000625,0,2,4,5
800,20,60,30,0.5,"balanced",50,"BPM",0.000625,0,2,4,5
800,20,60,30,0.5,"unbalanced",1,"SPM",0.000625,0,2,4,5
800,20,60,30,0.5,"unbalanced",1,"BPM",0.000625,0,2,4,5
800,20,60,30,0.5,"unbalanced",10,"SPM",0.000625,0,2,4,5
800,20,60,30,0.5,"unbalanced",10,"BPM",0.000625,0,2,4,5
800,20,60,30,0.5,"unbalanced",50,"SPM",0.000625,0,2,4,5
800,20,60,30,0.5,"unbalanced",50,"BPM",0.000625,0,2,4,5
800,20,60,30,0.2,"balanced",1,"SPM",0.000625,0,2,4,5
800,20,60,30,0.2,"balanced",1,"BPM",0.000625,0,2,4,5
800,20,60,30,0.2,"balanced",10,"SPM",0.000625,0,2,4,5
800,20,60,30,0.2,"balanced",10,"BPM",0.000625,0,2,4,5
800,20,60,30,0.2,"balanced",50,"SPM",0.000625,0,2,4,5
800,20,60,30,0.2,"balanced",50,"BPM",0.000625,0,2,4,5
800,20,60,30,0.2,"unbalanced",1,"SPM",0.000625,0,2,4,5
800,20,60,30,0.2,"unbalanced",1,"BPM",0.000625,0,2,4,5
800,20,60,30,0.2,"unbalanced",10,"SPM",0.000625,0,2,4,5
800,20,60,30,0.2,"unbalanced",10,"BPM",0.000625,0,2,4,5
800,20,60,30,0.2,"unbalanced",50,"SPM",0.000625,0,2,4,5
800,20,60,30,0.2,"unbalanced",50,"BPM",0.000625,0,2,4,5
800,21,55,31,0.5,"balanced",1,"SPM",0.000657894736842105,0,2,4,5
800,21,55,31,0.5,"balanced",1,"BPM",0.000657894736842105,0,2,4,5
800,21,55,31,0.5,"balanced",10,"SPM",0.000657894736842105,0,2,4,5
800,21,55,31,0.5,"balanced",10,"BPM",0.000657894736842105,0,2,4,5
800,21,55,31,0.5,"balanced",50,"SPM",0.000657894736842105,0,2,4,5
800,21,55,31,0.5,"balanced",50,"BPM",0.000657894736842105,0,2,4,5
800,21,55,31,0.5,"unbalanced",1,"SPM",0.000657894736842105,0,2,4,5
800,21,55,31,0.5,"unbalanced",1,"BPM",0.000657894736842105,0,2,4,5
800,21,55,31,0.5,"unbalanced",10,"SPM",0.000657894736842105,0,2,4,5
800,21,55,31,0.5,"unbalanced",10,"BPM",0.000657894736842105,0,2,4,5
800,21,55,31,0.5,"unbalanced",50,"SPM",0.000657894736842105,0,2,4,5
800,21,55,31,0.5,"unbalanced",50,"BPM",0.000657894736842105,0,2,4,5
800,21,55,31,0.2,"balanced",1,"SPM",0.000657894736842105,0,2,4,5
800,21,55,31,0.2,"balanced",1,"BPM",0.000657894736842105,0,2,4,5
800,21,55,31,0.2,"balanced",10,"SPM",0.000657894736842105,0,2,4,5
800,21,55,31,0.2,"balanced",10,"BPM",0.000657894736842105,0,2,4,5
800,21,55,31,0.2,"balanced",50,"SPM",0.000657894736842105,0,2,4,5
800,21,55,31,0.2,"balanced",50,"BPM",0.000657894736842105,0,2,4,5
800,21,55,31,0.2,"unbalanced",1,"SPM",0.000657894736842105,0,2,4,5
800,21,55,31,0.2,"unbalanced",1,"BPM",0.000657894736842105,0,2,4,5
800,21,55,31,0.2,"unbalanced",10,"SPM",0.000657894736842105,0,2,4,5
800,21,55,31,0.2,"unbalanced",10,"BPM",0.000657894736842105,0,2,4,5
800,21,55,31,0.2,"unbalanced",50,"SPM",0.000657894736842105,0,2,4,5
800,21,55,31,0.2,"unbalanced",50,"BPM",0.000657894736842105,0,2,4,5
800,22,50,32,0.5,"balanced",1,"SPM",0.000694444444444444,0,2,4,5
800,22,50,32,0.5,"balanced",1,"BPM",0.000694444444444444,0,2,4,5
800,22,50,32,0.5,"balanced",10,"SPM",0.000694444444444444,0,2,4,5
800,22,50,32,0.5,"balanced",10,"BPM",0.000694444444444444,0,2,4,5
800,22,50,32,0.5,"balanced",50,"SPM",0.000694444444444444,0,2,4,5
800,22,50,32,0.5,"balanced",50,"BPM",0.000694444444444444,0,2,4,5
800,22,50,32,0.5,"unbalanced",1,"SPM",0.000694444444444444,0,2,4,5
800,22,50,32,0.5,"unbalanced",1,"BPM",0.000694444444444444,0,2,4,5
800,22,50,32,0.5,"unbalanced",10,"SPM",0.000694444444444444,0,2,4,5
800,22,50,32,0.5,"unbalanced",10,"BPM",0.000694444444444444,0,2,4,5
800,22,50,32,0.5,"unbalanced",50,"SPM",0.000694444444444444,0,2,4,5
800,22,50,32,0.5,"unbalanced",50,"BPM",0.000694444444444444,0,2,4,5
800,22,50,32,0.2,"balanced",1,"SPM",0.000694444444444444,0,2,4,5
800,22,50,32,0.2,"balanced",1,"BPM",0.000694444444444444,0,2,4,5
800,22,50,32,0.2,"balanced",10,"SPM",0.000694444444444444,0,2,4,5
800,22,50,32,0.2,"balanced",10,"BPM",0.000694444444444444,0,2,4,5
800,22,50,32,0.2,"balanced",50,"SPM",0.000694444444444444,0,2,4,5
800,22,50,32,0.2,"balanced",50,"BPM",0.000694444444444444,0,2,4,5
800,22,50,32,0.2,"unbalanced",1,"SPM",0.000694444444444444,0,2,4,5
800,22,50,32,0.2,"unbalanced",1,"BPM",0.000694444444444444,0,2,4,5
800,22,50,32,0.2,"unbalanced",10,"SPM",0.000694444444444444,0,2,4,5
800,22,50,32,0.2,"unbalanced",10,"BPM",0.000694444444444444,0,2,4,5
800,22,50,32,0.2,"unbalanced",50,"SPM",0.000694444444444444,0,2,4,5
800,22,50,32,0.2,"unbalanced",50,"BPM",0.000694444444444444,0,2,4,5
800,23,45,33,0.5,"balanced",1,"SPM",0.000735294117647059,0,2,4,5
800,23,45,33,0.5,"balanced",1,"BPM",0.000735294117647059,0,2,4,5
800,23,45,33,0.5,"balanced",10,"SPM",0.000735294117647059,0,2,4,5
800,23,45,33,0.5,"balanced",10,"BPM",0.000735294117647059,0,2,4,5
800,23,45,33,0.5,"balanced",50,"SPM",0.000735294117647059,0,2,4,5
800,23,45,33,0.5,"balanced",50,"BPM",0.000735294117647059,0,2,4,5
800,23,45,33,0.5,"unbalanced",1,"SPM",0.000735294117647059,0,2,4,5
800,23,45,33,0.5,"unbalanced",1,"BPM",0.000735294117647059,0,2,4,5
800,23,45,33,0.5,"unbalanced",10,"SPM",0.000735294117647059,0,2,4,5
800,23,45,33,0.5,"unbalanced",10,"BPM",0.000735294117647059,0,2,4,5
800,23,45,33,0.5,"unbalanced",50,"SPM",0.000735294117647059,0,2,4,5
800,23,45,33,0.5,"unbalanced",50,"BPM",0.000735294117647059,0,2,4,5
800,23,45,33,0.2,"balanced",1,"SPM",0.000735294117647059,0,2,4,5
800,23,45,33,0.2,"balanced",1,"BPM",0.000735294117647059,0,2,4,5
800,23,45,33,0.2,"balanced",10,"SPM",0.000735294117647059,0,2,4,5
800,23,45,33,0.2,"balanced",10,"BPM",0.000735294117647059,0,2,4,5
800,23,45,33,0.2,"balanced",50,"SPM",0.000735294117647059,0,2,4,5
800,23,45,33,0.2,"balanced",50,"BPM",0.000735294117647059,0,2,4,5
800,23,45,33,0.2,"unbalanced",1,"SPM",0.000735294117647059,0,2,4,5
800,23,45,33,0.2,"unbalanced",1,"BPM",0.000735294117647059,0,2,4,5
800,23,45,33,0.2,"unbalanced",10,"SPM",0.000735294117647059,0,2,4,5
800,23,45,33,0.2,"unbalanced",10,"BPM",0.000735294117647059,0,2,4,5
800,23,45,33,0.2,"unbalanced",50,"SPM",0.000735294117647059,0,2,4,5
800,23,45,33,0.2,"unbalanced",50,"BPM",0.000735294117647059,0,2,4,5
800,24,40,34,0.5,"balanced",1,"SPM",0.00078125,0,2,4,5
800,24,40,34,0.5,"balanced",1,"BPM",0.00078125,0,2,4,5
800,24,40,34,0.5,"balanced",10,"SPM",0.00078125,0,2,4,5
800,24,40,34,0.5,"balanced",10,"BPM",0.00078125,0,2,4,5
800,24,40,34,0.5,"balanced",50,"SPM",0.00078125,0,2,4,5
800,24,40,34,0.5,"balanced",50,"BPM",0.00078125,0,2,4,5
800,24,40,34,0.5,"unbalanced",1,"SPM",0.00078125,0,2,4,5
800,24,40,34,0.5,"unbalanced",1,"BPM",0.00078125,0,2,4,5
800,24,40,34,0.5,"unbalanced",10,"SPM",0.00078125,0,2,4,5
800,24,40,34,0.5,"unbalanced",10,"BPM",0.00078125,0,2,4,5
800,24,40,34,0.5,"unbalanced",50,"SPM",0.00078125,0,2,4,5
800,24,40,34,0.5,"unbalanced",50,"BPM",0.00078125,0,2,4,5
800,24,40,34,0.2,"balanced",1,"SPM",0.00078125,0,2,4,5
800,24,40,34,0.2,"balanced",1,"BPM",0.00078125,0,2,4,5
800,24,40,34,0.2,"balanced",10,"SPM",0.00078125,0,2,4,5
800,24,40,34,0.2,"balanced",10,"BPM",0.00078125,0,2,4,5
800,24,40,34,0.2,"balanced",50,"SPM",0.00078125,0,2,4,5
800,24,40,34,0.2,"balanced",50,"BPM",0.00078125,0,2,4,5
800,24,40,34,0.2,"unbalanced",1,"SPM",0.00078125,0,2,4,5
800,24,40,34,0.2,"unbalanced",1,"BPM",0.00078125,0,2,4,5
800,24,40,34,0.2,"unbalanced",10,"SPM",0.00078125,0,2,4,5
800,24,40,34,0.2,"unbalanced",10,"BPM",0.00078125,0,2,4,5
800,24,40,34,0.2,"unbalanced",50,"SPM",0.00078125,0,2,4,5
800,24,40,34,0.2,"unbalanced",50,"BPM",0.00078125,0,2,4,5
800,25,35,35,0.5,"balanced",1,"SPM",0.000833333333333333,0,2,4,5
800,25,35,35,0.5,"balanced",1,"BPM",0.000833333333333333,0,2,4,5
800,25,35,35,0.5,"balanced",10,"SPM",0.000833333333333333,0,2,4,5
800,25,35,35,0.5,"balanced",10,"BPM",0.000833333333333333,0,2,4,5
800,25,35,35,0.5,"balanced",50,"SPM",0.000833333333333333,0,2,4,5
800,25,35,35,0.5,"balanced",50,"BPM",0.000833333333333333,0,2,4,5
800,25,35,35,0.5,"unbalanced",1,"SPM",0.000833333333333333,0,2,4,5
800,25,35,35,0.5,"unbalanced",1,"BPM",0.000833333333333333,0,2,4,5
800,25,35,35,0.5,"unbalanced",10,"SPM",0.000833333333333333,0,2,4,5
800,25,35,35,0.5,"unbalanced",10,"BPM",0.000833333333333333,0,2,4,5
800,25,35,35,0.5,"unbalanced",50,"SPM",0.000833333333333333,0,2,4,5
800,25,35,35,0.5,"unbalanced",50,"BPM",0.000833333333333333,0,2,4,5
800,25,35,35,0.2,"balanced",1,"SPM",0.000833333333333333,0,2,4,5
800,25,35,35,0.2,"balanced",1,"BPM",0.000833333333333333,0,2,4,5
800,25,35,35,0.2,"balanced",10,"SPM",0.000833333333333333,0,2,4,5
800,25,35,35,0.2,"balanced",10,"BPM",0.000833333333333333,0,2,4,5
800,25,35,35,0.2,"balanced",50,"SPM",0.000833333333333333,0,2,4,5
800,25,35,35,0.2,"balanced",50,"BPM",0.000833333333333333,0,2,4,5
800,25,35,35,0.2,"unbalanced",1,"SPM",0.000833333333333333,0,2,4,5
800,25,35,35,0.2,"unbalanced",1,"BPM",0.000833333333333333,0,2,4,5
800,25,35,35,0.2,"unbalanced",10,"SPM",0.000833333333333333,0,2,4,5
800,25,35,35,0.2,"unbalanced",10,"BPM",0.000833333333333333,0,2,4,5
800,25,35,35,0.2,"unbalanced",50,"SPM",0.000833333333333333,0,2,4,5
800,25,35,35,0.2,"unbalanced",50,"BPM",0.000833333333333333,0,2,4,5
800,26,30,36,0.5,"balanced",1,"SPM",0.000892857142857143,0,2,4,5
800,26,30,36,0.5,"balanced",1,"BPM",0.000892857142857143,0,2,4,5
800,26,30,36,0.5,"balanced",10,"SPM",0.000892857142857143,0,2,4,5
800,26,30,36,0.5,"balanced",10,"BPM",0.000892857142857143,0,2,4,5
800,26,30,36,0.5,"balanced",50,"SPM",0.000892857142857143,0,2,4,5
800,26,30,36,0.5,"balanced",50,"BPM",0.000892857142857143,0,2,4,5
800,26,30,36,0.5,"unbalanced",1,"SPM",0.000892857142857143,0,2,4,5
800,26,30,36,0.5,"unbalanced",1,"BPM",0.000892857142857143,0,2,4,5
800,26,30,36,0.5,"unbalanced",10,"SPM",0.000892857142857143,0,2,4,5
800,26,30,36,0.5,"unbalanced",10,"BPM",0.000892857142857143,0,2,4,5
800,26,30,36,0.5,"unbalanced",50,"SPM",0.000892857142857143,0,2,4,5
800,26,30,36,0.5,"unbalanced",50,"BPM",0.000892857142857143,0,2,4,5
800,26,30,36,0.2,"balanced",1,"SPM",0.000892857142857143,0,2,4,5
800,26,30,36,0.2,"balanced",1,"BPM",0.000892857142857143,0,2,4,5
800,26,30,36,0.2,"balanced",10,"SPM",0.000892857142857143,0,2,4,5
800,26,30,36,0.2,"balanced",10,"BPM",0.000892857142857143,0,2,4,5
800,26,30,36,0.2,"balanced",50,"SPM",0.000892857142857143,0,2,4,5
800,26,30,36,0.2,"balanced",50,"BPM",0.000892857142857143,0,2,4,5
800,26,30,36,0.2,"unbalanced",1,"SPM",0.000892857142857143,0,2,4,5
800,26,30,36,0.2,"unbalanced",1,"BPM",0.000892857142857143,0,2,4,5
800,26,30,36,0.2,"unbalanced",10,"SPM",0.000892857142857143,0,2,4,5
800,26,30,36,0.2,"unbalanced",10,"BPM",0.000892857142857143,0,2,4,5
800,26,30,36,0.2,"unbalanced",50,"SPM",0.000892857142857143,0,2,4,5
800,26,30,36,0.2,"unbalanced",50,"BPM",0.000892857142857143,0,2,4,5
800,27,25,37,0.5,"balanced",1,"SPM",0.000961538461538462,0,2,4,5
800,27,25,37,0.5,"balanced",1,"BPM",0.000961538461538462,0,2,4,5
800,27,25,37,0.5,"balanced",10,"SPM",0.000961538461538462,0,2,4,5
800,27,25,37,0.5,"balanced",10,"BPM",0.000961538461538462,0,2,4,5
800,27,25,37,0.5,"balanced",50,"SPM",0.000961538461538462,0,2,4,5
800,27,25,37,0.5,"balanced",50,"BPM",0.000961538461538462,0,2,4,5
800,27,25,37,0.5,"unbalanced",1,"SPM",0.000961538461538462,0,2,4,5
800,27,25,37,0.5,"unbalanced",1,"BPM",0.000961538461538462,0,2,4,5
800,27,25,37,0.5,"unbalanced",10,"SPM",0.000961538461538462,0,2,4,5
800,27,25,37,0.5,"unbalanced",10,"BPM",0.000961538461538462,0,2,4,5
800,27,25,37,0.5,"unbalanced",50,"SPM",0.000961538461538462,0,2,4,5
800,27,25,37,0.5,"unbalanced",50,"BPM",0.000961538461538462,0,2,4,5
800,27,25,37,0.2,"balanced",1,"SPM",0.000961538461538462,0,2,4,5
800,27,25,37,0.2,"balanced",1,"BPM",0.000961538461538462,0,2,4,5
800,27,25,37,0.2,"balanced",10,"SPM",0.000961538461538462,0,2,4,5
800,27,25,37,0.2,"balanced",10,"BPM",0.000961538461538462,0,2,4,5
800,27,25,37,0.2,"balanced",50,"SPM",0.000961538461538462,0,2,4,5
800,27,25,37,0.2,"balanced",50,"BPM",0.000961538461538462,0,2,4,5
800,27,25,37,0.2,"unbalanced",1,"SPM",0.000961538461538462,0,2,4,5
800,27,25,37,0.2,"unbalanced",1,"BPM",0.000961538461538462,0,2,4,5
800,27,25,37,0.2,"unbalanced",10,"SPM",0.000961538461538462,0,2,4,5
800,27,25,37,0.2,"unbalanced",10,"BPM",0.000961538461538462,0,2,4,5
800,27,25,37,0.2,"unbalanced",50,"SPM",0.000961538461538462,0,2,4,5
800,27,25,37,0.2,"unbalanced",50,"BPM",0.000961538461538462,0,2,4,5
800,28,20,38,0.5,"balanced",1,"SPM",0.00104166666666667,0,2,4,5
800,28,20,38,0.5,"balanced",1,"BPM",0.00104166666666667,0,2,4,5
800,28,20,38,0.5,"balanced",10,"SPM",0.00104166666666667,0,2,4,5
800,28,20,38,0.5,"balanced",10,"BPM",0.00104166666666667,0,2,4,5
800,28,20,38,0.5,"balanced",50,"SPM",0.00104166666666667,0,2,4,5
800,28,20,38,0.5,"balanced",50,"BPM",0.00104166666666667,0,2,4,5
800,28,20,38,0.5,"unbalanced",1,"SPM",0.00104166666666667,0,2,4,5
800,28,20,38,0.5,"unbalanced",1,"BPM",0.00104166666666667,0,2,4,5
800,28,20,38,0.5,"unbalanced",10,"SPM",0.00104166666666667,0,2,4,5
800,28,20,38,0.5,"unbalanced",10,"BPM",0.00104166666666667,0,2,4,5
800,28,20,38,0.5,"unbalanced",50,"SPM",0.00104166666666667,0,2,4,5
800,28,20,38,0.5,"unbalanced",50,"BPM",0.00104166666666667,0,2,4,5
800,28,20,38,0.2,"balanced",1,"SPM",0.00104166666666667,0,2,4,5
800,28,20,38,0.2,"balanced",1,"BPM",0.00104166666666667,0,2,4,5
800,28,20,38,0.2,"balanced",10,"SPM",0.00104166666666667,0,2,4,5
800,28,20,38,0.2,"balanced",10,"BPM",0.00104166666666667,0,2,4,5
800,28,20,38,0.2,"balanced",50,"SPM",0.00104166666666667,0,2,4,5
800,28,20,38,0.2,"balanced",50,"BPM",0.00104166666666667,0,2,4,5
800,28,20,38,0.2,"unbalanced",1,"SPM",0.00104166666666667,0,2,4,5
800,28,20,38,0.2,"unbalanced",1,"BPM",0.00104166666666667,0,2,4,5
800,28,20,38,0.2,"unbalanced",10,"SPM",0.00104166666666667,0,2,4,5
800,28,20,38,0.2,"unbalanced",10,"BPM",0.00104166666666667,0,2,4,5
800,28,20,38,0.2,"unbalanced",50,"SPM",0.00104166666666667,0,2,4,5
800,28,20,38,0.2,"unbalanced",50,"BPM",0.00104166666666667,0,2,4,5
800,29,15,39,0.5,"balanced",1,"SPM",0.00113636363636364,0,2,4,5
800,29,15,39,0.5,"balanced",1,"BPM",0.00113636363636364,0,2,4,5
800,29,15,39,0.5,"balanced",10,"SPM",0.00113636363636364,0,2,4,5
800,29,15,39,0.5,"balanced",10,"BPM",0.00113636363636364,0,2,4,5
800,29,15,39,0.5,"balanced",50,"SPM",0.00113636363636364,0,2,4,5
800,29,15,39,0.5,"balanced",50,"BPM",0.00113636363636364,0,2,4,5
800,29,15,39,0.5,"unbalanced",1,"SPM",0.00113636363636364,0,2,4,5
800,29,15,39,0.5,"unbalanced",1,"BPM",0.00113636363636364,0,2,4,5
800,29,15,39,0.5,"unbalanced",10,"SPM",0.00113636363636364,0,2,4,5
800,29,15,39,0.5,"unbalanced",10,"BPM",0.00113636363636364,0,2,4,5
800,29,15,39,0.5,"unbalanced",50,"SPM",0.00113636363636364,0,2,4,5
800,29,15,39,0.5,"unbalanced",50,"BPM",0.00113636363636364,0,2,4,5
800,29,15,39,0.2,"balanced",1,"SPM",0.00113636363636364,0,2,4,5
800,29,15,39,0.2,"balanced",1,"BPM",0.00113636363636364,0,2,4,5
800,29,15,39,0.2,"balanced",10,"SPM",0.00113636363636364,0,2,4,5
800,29,15,39,0.2,"balanced",10,"BPM",0.00113636363636364,0,2,4,5
800,29,15,39,0.2,"balanced",50,"SPM",0.00113636363636364,0,2,4,5
800,29,15,39,0.2,"balanced",50,"BPM",0.00113636363636364,0,2,4,5
800,29,15,39,0.2,"unbalanced",1,"SPM",0.00113636363636364,0,2,4,5
800,29,15,39,0.2,"unbalanced",1,"BPM",0.00113636363636364,0,2,4,5
800,29,15,39,0.2,"unbalanced",10,"SPM",0.00113636363636364,0,2,4,5
800,29,15,39,0.2,"unbalanced",10,"BPM",0.00113636363636364,0,2,4,5
800,29,15,39,0.2,"unbalanced",50,"SPM",0.00113636363636364,0,2,4,5
800,29,15,39,0.2,"unbalanced",50,"BPM",0.00113636363636364,0,2,4,5
800,30,10,40,0.5,"balanced",1,"SPM",0.00125,0,2,4,5
800,30,10,40,0.5,"balanced",1,"BPM",0.00125,0,2,4,5
800,30,10,40,0.5,"balanced",10,"SPM",0.00125,0,2,4,5
800,30,10,40,0.5,"balanced",10,"BPM",0.00125,0,2,4,5
800,30,10,40,0.5,"balanced",50,"SPM",0.00125,0,2,4,5
800,30,10,40,0.5,"balanced",50,"BPM",0.00125,0,2,4,5
800,30,10,40,0.5,"unbalanced",1,"SPM",0.00125,0,2,4,5
800,30,10,40,0.5,"unbalanced",1,"BPM",0.00125,0,2,4,5
800,30,10,40,0.5,"unbalanced",10,"SPM",0.00125,0,2,4,5
800,30,10,40,0.5,"unbalanced",10,"BPM",0.00125,0,2,4,5
800,30,10,40,0.5,"unbalanced",50,"SPM",0.00125,0,2,4,5
800,30,10,40,0.5,"unbalanced",50,"BPM",0.00125,0,2,4,5
800,30,10,40,0.2,"balanced",1,"SPM",0.00125,0,2,4,5
800,30,10,40,0.2,"balanced",1,"BPM",0.00125,0,2,4,5
800,30,10,40,0.2,"balanced",10,"SPM",0.00125,0,2,4,5
800,30,10,40,0.2,"balanced",10,"BPM",0.00125,0,2,4,5
800,30,10,40,0.2,"balanced",50,"SPM",0.00125,0,2,4,5
800,30,10,40,0.2,"balanced",50,"BPM",0.00125,0,2,4,5
800,30,10,40,0.2,"unbalanced",1,"SPM",0.00125,0,2,4,5
800,30,10,40,0.2,"unbalanced",1,"BPM",0.00125,0,2,4,5
800,30,10,40,0.2,"unbalanced",10,"SPM",0.00125,0,2,4,5
800,30,10,40,0.2,"unbalanced",10,"BPM",0.00125,0,2,4,5
800,30,10,40,0.2,"unbalanced",50,"SPM",0.00125,0,2,4,5
800,30,10,40,0.2,"unbalanced",50,"BPM",0.00125,0,2,4,5
800,31,5,41,0.5,"balanced",1,"SPM",0.00138888888888889,0,2,4,5
800,31,5,41,0.5,"balanced",1,"BPM",0.00138888888888889,0,2,4,5
800,31,5,41,0.5,"balanced",10,"SPM",0.00138888888888889,0,2,4,5
800,31,5,41,0.5,"balanced",10,"BPM",0.00138888888888889,0,2,4,5
800,31,5,41,0.5,"balanced",50,"SPM",0.00138888888888889,0,2,4,5
800,31,5,41,0.5,"balanced",50,"BPM",0.00138888888888889,0,2,4,5
800,31,5,41,0.5,"unbalanced",1,"SPM",0.00138888888888889,0,2,4,5
800,31,5,41,0.5,"unbalanced",1,"BPM",0.00138888888888889,0,2,4,5
800,31,5,41,0.5,"unbalanced",10,"SPM",0.00138888888888889,0,2,4,5
800,31,5,41,0.5,"unbalanced",10,"BPM",0.00138888888888889,0,2,4,5
800,31,5,41,0.5,"unbalanced",50,"SPM",0.00138888888888889,0,2,4,5
800,31,5,41,0.5,"unbalanced",50,"BPM",0.00138888888888889,0,2,4,5
800,31,5,41,0.2,"balanced",1,"SPM",0.00138888888888889,0,2,4,5
800,31,5,41,0.2,"balanced",1,"BPM",0.00138888888888889,0,2,4,5
800,31,5,41,0.2,"balanced",10,"SPM",0.00138888888888889,0,2,4,5
800,31,5,41,0.2,"balanced",10,"BPM",0.00138888888888889,0,2,4,5
800,31,5,41,0.2,"balanced",50,"SPM",0.00138888888888889,0,2,4,5
800,31,5,41,0.2,"balanced",50,"BPM",0.00138888888888889,0,2,4,5
800,31,5,41,0.2,"unbalanced",1,"SPM",0.00138888888888889,0,2,4,5
800,31,5,41,0.2,"unbalanced",1,"BPM",0.00138888888888889,0,2,4,5
800,31,5,41,0.2,"unbalanced",10,"SPM",0.00138888888888889,0,2,4,5
800,31,5,41,0.2,"unbalanced",10,"BPM",0.00138888888888889,0,2,4,5
800,31,5,41,0.2,"unbalanced",50,"SPM",0.00138888888888889,0,2,4,5
800,31,5,41,0.2,"unbalanced",50,"BPM",0.00138888888888889,0,2,4,5
800,32,0,42,0.5,"balanced",1,"SPM",0.0015625,0,2,4,5
800,32,0,42,0.5,"balanced",1,"BPM",0.0015625,0,2,4,5
800,32,0,42,0.5,"balanced",10,"SPM",0.0015625,0,2,4,5
800,32,0,42,0.5,"balanced",10,"BPM",0.0015625,0,2,4,5
800,32,0,42,0.5,"balanced",50,"SPM",0.0015625,0,2,4,5
800,32,0,42,0.5,"balanced",50,"BPM",0.0015625,0,2,4,5
800,32,0,42,0.5,"unbalanced",1,"SPM",0.0015625,0,2,4,5
800,32,0,42,0.5,"unbalanced",1,"BPM",0.0015625,0,2,4,5
800,32,0,42,0.5,"unbalanced",10,"SPM",0.0015625,0,2,4,5
800,32,0,42,0.5,"unbalanced",10,"BPM",0.0015625,0,2,4,5
800,32,0,42,0.5,"unbalanced",50,"SPM",0.0015625,0,2,4,5
800,32,0,42,0.5,"unbalanced",50,"BPM",0.0015625,0,2,4,5
800,32,0,42,0.2,"balanced",1,"SPM",0.0015625,0,2,4,5
800,32,0,42,0.2,"balanced",1,"BPM",0.0015625,0,2,4,5
800,32,0,42,0.2,"balanced",10,"SPM",0.0015625,0,2,4,5
800,32,0,42,0.2,"balanced",10,"BPM",0.0015625,0,2,4,5
800,32,0,42,0.2,"balanced",50,"SPM",0.0015625,0,2,4,5
800,32,0,42,0.2,"balanced",50,"BPM",0.0015625,0,2,4,5
800,32,0,42,0.2,"unbalanced",1,"SPM",0.0015625,0,2,4,5
800,32,0,42,0.2,"unbalanced",1,"BPM",0.0015625,0,2,4,5
800,32,0,42,0.2,"unbalanced",10,"SPM",0.0015625,0,2,4,5
800,32,0,42,0.2,"unbalanced",10,"BPM",0.0015625,0,2,4,5
800,32,0,42,0.2,"unbalanced",50,"SPM",0.0015625,0,2,4,5
800,32,0,42,0.2,"unbalanced",50,"BPM",0.0015625,0,2,4,5
